pid,gender,rank,rank_s,rank_cj,name,born,nation,category,bweight,snatch1,snatch2,snatch3,snatch,jerk1,jerk2,jerk3,jerk,total,event,date
0,M,1,3,1,RUSEV Angel Hriskov,13.07.2001,BUL,55,54.88,*105,105,111,111,140,*147,147,147,258,EUROPEAN CHAMPIONSHIPS,4.2021
1,M,2,5,2,IANCU Valentin-lonadi,16.01.2000,ROU,55,54.98,100,105,108,108,130,135,140,140,248,EUROPEAN CHAMPIONSHIPS,4.2021
2,M,3,4,3,VORONOVSKYI Dmytro,04.01.1997,UKR,55,54.96,106,110,*112,110,133,137,*140,137,247,EUROPEAN CHAMPIONSHIPS,4.2021
3,M,4,2,5,SAHIN Muammer,05.02.1994,TUR,55,54.88,*109,109,112,112,*130,*130,130,130,242,EUROPEAN CHAMPIONSHIPS,4.2021
4,M,5,1,8,LUNGU Daniel,16.10.1998,MDA,55,54.94,108,*111,113,113,*127,127,*131,127,240,EUROPEAN CHAMPIONSHIPS,4.2021
5,M,6,6,4,LUCA Marian-Cristian,16.02.1999,ROU,55,54.74,103,107,*111,107,130,*134,*136,130,237,EUROPEAN CHAMPIONSHIPS,4.2021
6,M,7,7,9,DOKVADZE Giorgi,22.12.1997,GEO,55,54.96,105,*108,*109,105,124,*129,*129,124,229,EUROPEAN CHAMPIONSHIPS,4.2021
7,M,8,8,7,MUHAMMET Akkaya,10.05.1999,TUR,55,55,98,*104,*107,98,120,127,*130,127,225,EUROPEAN CHAMPIONSHIPS,4.2021
8,M,9,9,6,POLAK Frantisek,01.01.2001,CZE,55,54.94,93,*97,97,97,119,124,127,127,224,EUROPEAN CHAMPIONSHIPS,4.2021
9,M,1,1,2,GROZDEV Stilyan Rosenov,27.07.1999,BUL,61,60.82,130,134,136,136,*156,157,160,160,296,EUROPEAN CHAMPIONSHIPS,4.2021
10,M,2,2,5,MISHVELDZE shota,18.10.1994,GEO,61,61,*129,131,135,135,155,*159,*162,155,290,EUROPEAN CHAMPIONSHIPS,4.2021
11,M,3,4,4,HARDAL Ferdi,31.12.1996,TUR,61,60.92,130,*135,*135,130,157,*161,*161,157,287,EUROPEAN CHAMPIONSHIPS,4.2021
12,M,4,3,8,LAPTSEU Henadz,15.12.1998,BLR,61,60.92,128,*132,132,132,148,154,*159,154,286,EUROPEAN CHAMPIONSHIPS,4.2021
13,M,5,7,3,RUIU Davide,22.01.2001,ITA,61,60.8,*125,125,*130,125,150,*158,158,158,283,EUROPEAN CHAMPIONSHIPS,4.2021
14,M,6,11,1,MAU Jon Luke,02.10.1998,GER,61,60.86,120,*124,*124,120,155,160,162,162,282,EUROPEAN CHAMPIONSHIPS,4.2021
15,M,7,6,6,MASSIDDA Sergio,26.01.2002,ITA,61,60.86,125,*130,*130,125,145,155,*160,155,280,EUROPEAN CHAMPIONSHIPS,4.2021
16,M,8,8,7,SHAMILISHVILI Ramini,11.05.1994,GEO,61,60.92,124,*128,*128,124,147,155,*159,155,279,EUROPEAN CHAMPIONSHIPS,4.2021
17,M,9,9,9,TOPTAS Caner,14.08.2001,TUR,61,60.96,*124,124,*128,124,142,145,150,150,274,EUROPEAN CHAMPIONSHIPS,4.2021
18,M,10,5,10,BRANDHUBER Simon Josef,27.06.1991,GER,61,60.8,120,124,127,127,*145,*145,145,145,272,EUROPEAN CHAMPIONSHIPS,4.2021
19,M,11,10,11,BRACHI GARCIA Josue,08.09.1992,ESP,61,59.72,115,118,121,121,*138,138,141,141,262,EUROPEAN CHAMPIONSHIPS,4.2021
20,M,12,12,12,ZALIPSKTI Pavlo,13.07.1998,UKR,61,60.02,117,*121,*123,117,135,140,*146,140,257,EUROPEAN CHAMPIONSHIPS,4.2021
21,M,13,14,13,VLADISAVLJEV Stevan,04.07.1999,SRB,61,60.54,110,*113,*113,110,135,*140,*140,135,245,EUROPEAN CHAMPIONSHIPS,4.2021
22,M,___,13,___,LEWI Bar,20.04.1993,ISR,61,60.86,110,*113,___,110,___,___,___,___,___,EUROPEAN CHAMPIONSHIPS,4.2021
23,M,1,3,1,OZBEK Muhammed Furkan,24.01.2001,TUR,67,66.96,139,142,145,145,170,174,178,178,323,EUROPEAN CHAMPIONSHIPS,4.2021
24,M,2,1,4,ZANNI Mirko,16.10.1997,ITA,67,66.74,142,146,148,148,*170,170,*174,170,318,EUROPEAN CHAMPIONSHIPS,4.2021
25,M,3,7,2,GENCHEV Valentin,03.04.2000,BUL,67,66.72,132,136,138,138,168,173,177,177,315,EUROPEAN CHAMPIONSHIPS,4.2021
26,M,4,2,6,GARAEV Zulfat,12.01.2000,RUS,67,66.66,140,144,147,147,167,*172,*172,167,314,EUROPEAN CHAMPIONSHIPS,4.2021
27,M,5,4,3,CHKEIDZE Goga,11.02.1996,GEO,67,66.82,134,138,140,140,165,170,*175,170,310,EUROPEAN CHAMPIONSHIPS,4.2021
28,M,6,8,5,KINGUE MATAM Bernadin Ledoux,20.05.1990,FRA,67,66.6,133,136,138,138,*170,170,*174,170,308,EUROPEAN CHAMPIONSHIPS,4.2021
29,M,7,6,9,ANGELOV Petar Sevdalin,15.12.1997,BUL,67,66.9,130,135,138,138,157,162,*169,162,300,EUROPEAN CHAMPIONSHIPS,4.2021
30,M,8,5,10,HERNANDEZ MENDOZA Acoran Juan,30.12.1990,ESP,67,66.9,130,134,139,139,155,160,*164,160,299,EUROPEAN CHAMPIONSHIPS,4.2021
31,M,9,11,7,GENC Yusuf Fehmi,23.05.2002,TUR,67,66.76,125,130,*132,130,*166,167,*173,167,297,EUROPEAN CHAMPIONSHIPS,4.2021
32,M,10,10,11,IVANOU Dzmitry,04.11.2000,BLR,67,66.88,130,*135,*135,130,155,*160,*160,155,285,EUROPEAN CHAMPIONSHIPS,4.2021
33,M,11,9,12,CASTRO MARINO Victor,18.12.1992,ESP,67,66.84,128,132,*136,132,148,*153,*153,148,280,EUROPEAN CHAMPIONSHIPS,4.2021
34,M,12,12,13,URBAN Kacper Kamil,08.11.2001,POL,67,66.42,120,125,*129,125,140,146,*150,146,271,EUROPEAN CHAMPIONSHIPS,4.2021
35,M,___,___,8,PETROV Petr,19.10.1989,CZE,67,66.94,*132,*132,*132,___,160,*165,165,165,___,EUROPEAN CHAMPIONSHIPS,4.2021
36,M,1,1,6,ISMAYILOV Daniyar,03.02.1992,TUR,73,72.72,155,158,160,160,181,*185,*185,181,341,EUROPEAN CHAMPIONSHIPS,4.2021
37,M,2,2,4,ROBU Marin,19.03.2000,MDA,73,72.85,151,156,*159,156,177,*183,183,183,339,EUROPEAN CHAMPIONSHIPS,4.2021
38,M,3,4,2,CALIJA Briken,19.02.1990,ALB,73,72.94,152,*157,*157,152,*183,184,*188,184,336,EUROPEAN CHAMPIONSHIPS,4.2021
39,M,4,3,5,ANDREEV Bozhidar Dimitorov,17.01.1997,BUL,73,72.84,152,*156,*157,152,182,*188,*190,182,334,EUROPEAN CHAMPIONSHIPS,4.2021
40,M,5,7,3,SANCHEZ LOPEZ David,20.07.1994,ESP,73,72.84,143,147,149,149,*179,179,183,183,332,EUROPEAN CHAMPIONSHIPS,4.2021
41,M,6,9,1,LANG Max Richard,06.12.1992,GER,73,72.62,*145,*145,145,145,175,180,185,185,330,EUROPEAN CHAMPIONSHIPS,4.2021
42,M,7,8,7,ASANIDZE Kakhi,01.10.2000,GEO,73,72.84,144,148,*151,148,172,179,*182,179,327,EUROPEAN CHAMPIONSHIPS,4.2021
43,M,8,5,8,ZHARNOUSKI Ilya,21.08.2000,BLR,73,72.74,141,146,150,150,167,173,176,176,326,EUROPEAN CHAMPIONSHIPS,4.2021
44,M,9,6,10,PETROV Sergei,17.02.1994,RUS,73,72.94,144,149,*153,149,171,174,*178,174,323,EUROPEAN CHAMPIONSHIPS,4.2021
45,M,10,11,9,KUDLASZYK Piotr Mateusz,29.05.1999,POL,73,72.72,138,142,*145,142,174,*179,*182,174,316,EUROPEAN CHAMPIONSHIPS,4.2021
46,M,11,13,12,STRANSKY Petr,10.10.1997,CZE,73,72.7,125,128,131,131,*155,155,159,159,290,EUROPEAN CHAMPIONSHIPS,4.2021
47,M,12,14,13,PROHOFJEVS Vlads,05.03.2003,LAT,73,72.64,123,*126,128,128,154,*159,159,159,287,EUROPEAN CHAMPIONSHIPS,4.2021
48,M,13,15,14,KRING Tim,16.09.1990,DEN,73,72.94,*127,*127,127,127,155,*160,*160,155,282,EUROPEAN CHAMPIONSHIPS,4.2021
49,M,14,16,15,ZILINSKAS Zilvinas,02.11.2001,LTU,73,72.96,118,122,126,126,146,147,155,155,281,EUROPEAN CHAMPIONSHIPS,4.2021
50,M,15,17,11,STRAND Daniel Roness,14.04.1991,NOR,73,72.92,117,121,*124,121,155,160,*163,160,281,EUROPEAN CHAMPIONSHIPS,4.2021
51,M,16,18,16,JONSSON Einar Ingi,15.02.1996,ISL,73,72.8,110,114,*118,114,140,*145,145,145,259,EUROPEAN CHAMPIONSHIPS,4.2021
52,M,___,12,___,GONZALEZ BAEZ Alejandro,22.09.1990,ESP,73,72.62,*140,140,*145,140,*170,*170,*170,___,___,EUROPEAN CHAMPIONSHIPS,4.2021
53,M,___,10,___,YUKSEL Batu Han,04.10.1999,TUR,73,72.76,144,*148,*148,144,*172,*172,*172,___,___,EUROPEAN CHAMPIONSHIPS,4.2021
54,M,1,1,2,PIZZOLATO Antonio,20.08.1996,ITA,81,80.76,159,162,164,164,195,200,206,206,370,EUROPEAN CHAMPIONSHIPS,4.2021
55,M,2,2,1,NASAR Karlos May Hassan,12.05.2004,BUL,81,80.84,158,*162,163,163,194,200,206,206,369,EUROPEAN CHAMPIONSHIPS,4.2021
56,M,3,5,5,SUHAREVS Ritvars,11.01.1999,LAT,81,80.38,157,*162,*163,157,190,*193,*195,190,347,EUROPEAN CHAMPIONSHIPS,4.2021
57,M,4,9,3,HARUTYUNYAN Rafik,17.05.2000,ARM,81,80.94,145,*150,150,150,187,196,___,196,346,EUROPEAN CHAMPIONSHIPS,4.2021
58,M,5,3,7,MUELLER Nico,02.11.1993,GER,81,80.66,152,*157,158,158,*188,*188,188,188,346,EUROPEAN CHAMPIONSHIPS,4.2021
59,M,6,10,4,BEYTULA Yunder Nedim,09.01.1992,BUL,81,80.72,150,*153,*153,150,185,196,*198,196,346,EUROPEAN CHAMPIONSHIPS,4.2021
60,M,7,4,6,MATA PEREZ Andres Eduardo,11.11.1992,ESP,81,80.76,148,153,157,157,183,*188,188,188,345,EUROPEAN CHAMPIONSHIPS,4.2021
61,M,8,7,8,IARKIN Viacheslav,19.11.1997,RUS,81,80.56,156,*159,*159,156,184,*191,*192,185,340,EUROPEAN CHAMPIONSHIPS,4.2021
62,M,9,6,10,QERIMAJ Erkand,10.08.1988,ALB,81,80.88,150,154,156,156,180,*184,*185,184,340,EUROPEAN CHAMPIONSHIPS,4.2021
63,M,10,11,9,CHARNIAK Mikalai,16.11.1986,BLR,81,80.9,*147,147,*151,147,175,*178,181,181,328,EUROPEAN CHAMPIONSHIPS,4.2021
64,M,11,8,11,FERNANDEZ GARCIA Alberto,20.11.1997,ESP,81,80.74,145,152,*156,152,*175,175,*181,175,327,EUROPEAN CHAMPIONSHIPS,4.2021
65,M,12,12,13,BEBEN Patryk Sylwester,18.03.2000,POL,81,80.98,140,*145,*145,140,*170,170,*180,170,310,EUROPEAN CHAMPIONSHIPS,4.2021
66,M,13,14,12,TKAC Richard,24.03.1985,SVK,81,80.78,130,134,137,137,165,170,*174,170,307,EUROPEAN CHAMPIONSHIPS,4.2021
67,M,14,15,15,CETKOVIC Goran,27.04.1994,CRO,81,79.48,110,117,123,123,135,142,*147,142,265,EUROPEAN CHAMPIONSHIPS,4.2021
68,M,15,16,14,FERRARI Amos,02.08.2000,SUI,81,79.6,*112,*112,112,112,140,144,*148,144,256,EUROPEAN CHAMPIONSHIPS,4.2021
69,M,___,___,___,ERDOGDU Celil,05.12.1997,TUR,81,79.36,*151,*151,*151,___,___,___,___,___,___,EUROPEAN CHAMPIONSHIPS,4.2021
70,M,___,___,___,ZWARYCZ Krzysztof Maciej,13.12.1990,POL,81,80.96,*150,*150,*150,___,___,___,___,___,___,EUROPEAN CHAMPIONSHIPS,4.2021
71,M,___,___,___,GODELLI Daniel,10.01.1992,ALB,81,80.98,*152,*152,___,___,___,___,___,___,___,EUROPEAN CHAMPIONSHIPS,4.2021
72,M,___,13,___,KMEGY Mate Jozsef,17.09.1997,HUN,81,80.58,*138,*138,138,138,*168,*168,*168,___,___,EUROPEAN CHAMPIONSHIPS,4.2021
73,M,1,1,2,AVAGYAN Karen,12.05.1999,ARM,89,88.76,165,170,175,175,200,*204,*204,200,375,EUROPEAN CHAMPIONSHIPS,4.2021
74,M,2,2,1,DAVITadZE Revaz,16.10.1998,GEO,89,88.64,166,171,*176,171,198,203,*205,203,374,EUROPEAN CHAMPIONSHIPS,4.2021
75,M,3,3,6,KARAPETYAN Andranik,15.12.1995,ARM,89,88.4,165,170,*175,170,195,*200,*205,195,365,EUROPEAN CHAMPIONSHIPS,4.2021
76,M,4,4,3,CHEPIK Roman,18.09.1995,RUS,89,88.9,157,161,164,164,*194,194,198,198,362,EUROPEAN CHAMPIONSHIPS,4.2021
77,M,5,5,4,KOZHANKIN Ruslan,13.01.1995,UKR,89,88.98,156,160,162,162,190,*197,197,197,359,EUROPEAN CHAMPIONSHIPS,4.2021
78,M,6,9,5,HARANIN Siarhei,02.05.1995,BLR,89,88.94,*155,155,*160,155,192,194,196,196,348,EUROPEAN CHAMPIONSHIPS,4.2021
79,M,7,6,7,SHORAJ Krenar,15.01.1992,ALB,89,88.72,*150,150,156,156,190,192,___,192,348,EUROPEAN CHAMPIONSHIPS,4.2021
80,M,8,7,8,IAKVIDIS Theodoros,12.02.1991,GRE,89,88.46,*153,153,156,156,*187,187,191,191,347,EUROPEAN CHAMPIONSHIPS,4.2021
81,M,9,8,9,BRATU Tudor,27.09.2002,MDA,89,88.26,150,155,*158,155,185,190,*191,190,345,EUROPEAN CHAMPIONSHIPS,4.2021
82,M,10,10,10,MARTASIDIS Antonis,14.06.1992,CYP,89,88.62,150,*153,*153,150,190,*198,*198,190,340,EUROPEAN CHAMPIONSHIPS,4.2021
83,M,11,11,11,MEZINSKIS Armands,08.09.2000,LAT,89,88.58,*148,148,*154,148,187,*193,*194,187,335,EUROPEAN CHAMPIONSHIPS,4.2021
84,M,12,12,13,MARIANAKIS Emmanouil,21.04.1989,GRE,89,88.78,140,145,*150,145,170,175,178,178,323,EUROPEAN CHAMPIONSHIPS,4.2021
85,M,13,13,14,POLACEK Peter,05.12.1994,SVK,89,88.48,*134,135,139,139,168,173,177,177,316,EUROPEAN CHAMPIONSHIPS,4.2021
86,M,14,14,12,SAMKO Karol,09.03.1990,SVK,89,88.78,135,*139,*140,135,180,*185,*185,180,315,EUROPEAN CHAMPIONSHIPS,4.2021
87,M,15,15,15,PELTOKANGAS Antti,20.03.1995,FIN,89,88.8,125,130,*132,130,165,*170,170,170,300,EUROPEAN CHAMPIONSHIPS,4.2021
88,M,___,___,___,RETULAINEN Eero Elijas,13.10.1992,FIN,89,88.26,___,___,___,___,___,___,___,___,___,EUROPEAN CHAMPIONSHIPS,4.2021
89,M,___,16,___,ROBERTSSON Daniel,02.10.1991,ISL,89,85.38,*122,*123,125,125,*148,*148,*148,___,___,EUROPEAN CHAMPIONSHIPS,4.2021
90,M,1,1,1,PLISNOI Anton,17.09.1996,GEO,96,95.86,171,175,180,180,207,213,*221,213,393,EUROPEAN CHAMPIONSHIPS,4.2021
91,M,2,2,5,ASAYONAK Petr,27.02.1993,BLR,96,93.66,167,*172,172,172,202,*207,*207,202,374,EUROPEAN CHAMPIONSHIPS,4.2021
92,M,3,7,2,MKRTCHYAN Hakob,08.03.1997,ARM,96,95.48,160,*165,*165,160,205,212,*215,212,374,EUROPEAN CHAMPIONSHIPS,4.2021
93,M,4,4,3,ADAMUS Bartlomieij Stefan,12.05.2000,POL,96,95.82,160,165,*169,165,195,202,206,206,317,EUROPEAN CHAMPIONSHIPS,4.2021
94,M,5,6,4,KUPTSOV Gerogii,15.10.1994,RUS,96,95.98,*165,*165,165,165,197,203,*207,203,368,EUROPEAN CHAMPIONSHIPS,4.2021
95,M,6,3,7,BABAYAN Artur,09.07.2002,RUS,96,95.92,163,167,*171,167,192,*198,*198,192,359,EUROPEAN CHAMPIONSHIPS,4.2021
96,M,7,8,8,YANTSEVYCH Yevhenii,26.09.2000,UKR,96,95.66,160,*164,*164,160,*187,187,*193,187,347,EUROPEAN CHAMPIONSHIPS,4.2021
97,M,8,9,6,GOLJASZ Daniel,14.03.1997,POL,96,95.24,147,151,154,154,187,192,*196,192,346,EUROPEAN CHAMPIONSHIPS,4.2021
98,M,9,11,9,NYKANEN Jesse Juhani,06.02.1996,FIN,96,95.92,148,*152,152,152,177,181,*185,181,333,EUROPEAN CHAMPIONSHIPS,4.2021
99,M,10,12,11,KOLAR Josef,01.10.1997,CZE,96,95.32,147,*151,*152,147,180,*187,*187,180,327,EUROPEAN CHAMPIONSHIPS,4.2021
100,M,11,13,12,TSCHAN Yannick,30.10.1996,SUI,96,95.24,137,140,143,143,176,180,*184,180,323,EUROPEAN CHAMPIONSHIPS,4.2021
101,M,12,15,10,GNESSIN Valentin,01.07.1989,ISR,96,93.52,*140,140,*144,140,180,*185,*185,180,320,EUROPEAN CHAMPIONSHIPS,4.2021
102,M,13,14,13,MUSIC Amar,21.03.1987,CRO,96,89.34,*135,140,*145,140,165,175,*179,175,315,EUROPEAN CHAMPIONSHIPS,4.2021
103,M,___,5,___,HOVHANNISYAN Davit,14.01.1997,ARM,96,93.26,*165,165,*170,165,*195,*195,*195,___,___,EUROPEAN CHAMPIONSHIPS,4.2021
104,M,___,10,___,SPIESS Jurgen Christian,26.03.1984,GER,96,95.66,153,*158,*160,153,*190,*192,*196,___,___,EUROPEAN CHAMPIONSHIPS,4.2021
105,M,1,2,1,GASPARYAN Samvel,24.11.1997,ARM,102,101.7,171,176,*178,176,209,214,___,214,390,EUROPEAN CHAMPIONSHIPS,4.2021
106,M,2,4,3,MARTIROSYAN Arsen,24.07.2998,ARM,102,101.32,165,171,*175,171,205,209,*212,209,380,EUROPEAN CHAMPIONSHIPS,4.2021
107,M,3,1,7,DADASHBAYLI dadash,15.07.1996,AZE,102,101.56,170,174,177,177,202,*207,*210,202,379,EUROPEAN CHAMPIONSHIPS,4.2021
108,M,4,6,2,FISCHEROV David,03.11.1998,BUL,102,101.54,160,165,168,168,205,210,*213,210,378,EUROPEAN CHAMPIONSHIPS,4.2021
109,M,5,5,5,CHKHEIDZE Irakli,05.01.1999,GEO,102,101.78,162,167,171,171,205,*210,*210,205,376,EUROPEAN CHAMPIONSHIPS,4.2021
110,M,6,7,4,MARINOV Vasil Kaloyanov,28.01.2001,BUL,102,101.56,167,*172,*173,167,200,*208,208,208,375,EUROPEAN CHAMPIONSHIPS,4.2021
111,M,7,3,6,SHARANKOU Siarhei,15.06.2002,BLR,102,101.42,168,172,*175,172,202,*206,*206,202,374,EUROPEAN CHAMPIONSHIPS,4.2021
112,M,8,8,8,ARLIONAK Andrei,17.01.1999,BLR,102,101.8,165,*169,*169,165,190,197,201,201,366,EUROPEAN CHAMPIONSHIPS,4.2021
113,M,9,9,9,PETROV Fedor,12.08.1995,RUS,102,101.5,160,*165,165,165,201,*206,*206,201,366,EUROPEAN CHAMPIONSHIPS,4.2021
114,M,10,11,10,MUGURDUMOV Artur,06.06.1988,ISR,102,100.3,*150,150,155,155,*188,190,200,200,355,EUROPEAN CHAMPIONSHIPS,4.2021
115,M,11,10,12,KRYWULT Patrik,25.08.1990,CZE,102,101.44,150,155,*158,155,*180,180,*185,180,335,EUROPEAN CHAMPIONSHIPS,4.2021
116,M,12,14,11,DIAKVASILIS Jacob Alexnader Panayotis,30.10.1996,DEN,102,101.62,*138,*138,140,140,175,*181,181,181,321,EUROPEAN CHAMPIONSHIPS,4.2021
117,M,13,12,13,NAZAROV Alish,26.11.1999,AZE,102,99.1,135,*140,141,141,160,167,174,174,315,EUROPEAN CHAMPIONSHIPS,4.2021
118,M,14,13,15,GRITENCO Artiom,15.02.2002,MDA,102,101.46,*140,140,*145,140,168,*176,*176,168,308,EUROPEAN CHAMPIONSHIPS,4.2021
119,M,15,15,14,OSTROVSKY Viktor,27.01.1995,SVK,102,96.12,135,*140,*141,135,170,*174,*174,170,305,EUROPEAN CHAMPIONSHIPS,4.2021
120,M,1,4,1,CHUMAK Dmytro,11.01.1990,UKR,109,107.56,*181,*181,181,181,220,*226,226,226,407,EUROPEAN CHAMPIONSHIPS,4.2021
121,M,2,2,4,HRISTOV Hristo Dimitrov,27.04.2001,BUL,109,108.78,181,186,*190,186,214,*220,220,220,406,EUROPEAN CHAMPIONSHIPS,4.2021
122,M,3,3,7,NANIEV Timur,20.09.1994,RUS,109,108.96,180,184,*186,184,213,217,*223,217,401,EUROPEAN CHAMPIONSHIPS,4.2021
123,M,4,5,3,RUIZ VELASCO Marcos,13.10.1996,ESP,109,108.58,175,*180,180,180,210,215,220,220,400,EUROPEAN CHAMPIONSHIPS,4.2021
124,M,5,6,5,MICHALSKI Arkadiusz,07.01.1990,POL,109,108.92,171,174,177,177,219,*225,*226,219,396,EUROPEAN CHAMPIONSHIPS,4.2021
125,M,6,9,6,PLESNIEKS Arturs,21.01.1992,LAT,109,108.5,170,175,*180,175,213,219,*223,219,394,EUROPEAN CHAMPIONSHIPS,4.2021
126,M,7,11,2,KASABIJEW Arsen,15.11.1987,POL,109,106,165,170,*173,170,205,212,220,220,390,EUROPEAN CHAMPIONSHIPS,4.2021
127,M,8,8,8,BALAEV Khas-Magomed,21.05.2000,RUS,109,108.22,170,175,*177,175,206,*211,*211,206,381,EUROPEAN CHAMPIONSHIPS,4.2021
128,M,9,7,12,MARTIROSJAN Sargis,14.09.1986,AUT,109,108.58,170,*175,175,175,*190,*190,190,190,365,EUROPEAN CHAMPIONSHIPS,4.2021
129,M,10,12,11,SIDISKIS Arnas,05.07.1990,LTU,109,108.82,155,160,*165,160,190,*194,194,194,354,EUROPEAN CHAMPIONSHIPS,4.2021
130,M,11,10,13,TATARCIK Radoslav,08.03.1992,SVK,109,108.6,165,*170,170,170,177,*183,183,183,353,EUROPEAN CHAMPIONSHIPS,4.2021
131,M,12,14,9,KESKITALO Hannes Heikki Juhani,10.11.1996,FIN,109,108.78,145,150,*153,150,190,200,___,200,350,EUROPEAN CHAMPIONSHIPS,4.2021
132,M,13,13,10,GASIOR Jiri,24.01.1991,CZE,109,107.74,*148,148,151,151,188,194,*200,194,345,EUROPEAN CHAMPIONSHIPS,4.2021
133,M,___,1,___,MARTIROSYAN Simon,17.02.1997,ARM,109,108.7,*190,*190,190,190,*227,*227,*227,___,___,EUROPEAN CHAMPIONSHIPS,4.2021
134,M,1,1,1,TALAKHADZE Lasha,02.10.1993,GEO,109+,176.3,211,217,222,222,245,253,263,263,485,EUROPEAN CHAMPIONSHIPS,4.2021
135,M,2,2,2,MINASYAN Gor,25.10.1994,ARM,109+,150.14,205,212,216,216,240,248,*252,248,464,EUROPEAN CHAMPIONSHIPS,4.2021
136,M,3,3,3,LALAYAN Varazdat,01.05.1999,ARM,109+,147.68,200,205,*209,205,240,*250,*250,240,445,EUROPEAN CHAMPIONSHIPS,4.2021
137,M,4,4,7,ZIAZIULIN Eduard,29.10.1998,BLR,109+,138.74,197,*202,*202,197,227,*233,*233,227,424,EUROPEAN CHAMPIONSHIPS,4.2021
138,M,5,5,6,SAVCHUK Antoniy,20.11.1995,RUS,109+,139.56,180,185,190,190,215,221,228,228,418,EUROPEAN CHAMPIONSHIPS,4.2021
139,M,6,9,4,KUCERA Kamil,19.03.1985,CZE,109+,159.1,*176,176,182,182,227,233,*237,233,415,EUROPEAN CHAMPIONSHIPS,4.2021
140,M,7,6,10,BIBIK Olesksii,11.01.1993,UKR,109+,123.7,180,185,189,189,210,221,___,221,410,EUROPEAN CHAMPIONSHIPS,4.2021
141,M,8,8,8,NAGY Peter,16.01.1986,HUN,109+,158.68,*176,176,182,182,216,222,*229,222,404,EUROPEAN CHAMPIONSHIPS,4.2021
142,M,9,14,5,ORSAG Jiri,05.01.1989,CZE,109+,141.3,*170,170,*175,170,225,232,*237,232,402,EUROPEAN CHAMPIONSHIPS,4.2021
143,M,10,7,12,LITVINOV David,23.09.1993,ISR,109+,129.82,177,184,188,188,207,213,*218,213,401,EUROPEAN CHAMPIONSHIPS,4.2021
144,M,11,10,9,KUWORGE Enzo Kofi,31.08.2001,NED,109+,158.5,172,176,*180,176,*222,*222,222,222,398,EUROPEAN CHAMPIONSHIPS,4.2021
145,M,12,11,11,KAJDOCI Tamas,21.04.1997,SRB,109+,143.26,162,168,172,172,207,215,218,218,390,EUROPEAN CHAMPIONSHIPS,4.2021
146,M,13,12,13,KAPLAN Yildiray,19.04.2000,TUR,109+,135,165,170,*175,170,200,*210,211,211,381,EUROPEAN CHAMPIONSHIPS,4.2021
147,M,14,13,14,ARAMNAU Andrei,04.17.1988,BLR,109+,119.68,160,*170,170,170,195,205,___,205,375,EUROPEAN CHAMPIONSHIPS,4.2021
148,M,15,15,15,TOLLEFSEN Kim Eirik,24.12.1989,NOR,109+,122.12,155,*160,160,170,195,201,*206,205,375,EUROPEAN CHAMPIONSHIPS,4.2021
149,M,16,16,16,LITHEN Carl Hampus,23.04.1992,SWE,109+,143.46,152,156,*159,156,195,*205,*207,195,351,EUROPEAN CHAMPIONSHIPS,4.2021
150,M,17,18,17,KAJDOCSI Tivadar,15.10.1993,SRB,109+,124.77,142,*148,*148,142,180,*190,190,190,332,EUROPEAN CHAMPIONSHIPS,4.2021
151,M,18,17,18,LINDFORS Petri Mikael,12.05.1993,FIN,109+,123.6,140,144,*148,144,175,*180,*180,175,319,EUROPEAN CHAMPIONSHIPS,4.2021
152,M,___,___,___,TURMANIDZE Irakli,13.12.1984,GEO,109+,141.78,*191,*191,*191,___,___,___,___,___,___,EUROPEAN CHAMPIONSHIPS,4.2021
153,M,___,___,___,ROININEN Teemu Tapio,10.07.1986,FIN,109+,117.26,___,___,___,___,___,___,___,___,___,EUROPEAN CHAMPIONSHIPS,4.2021
154,W,1,1,4,NGUEN Nadezhda-mey Tuy,01.07.2000,BUL,45,44.9,67,70,72,72,*83,83,*85,83,155,EUROPEAN CHAMPIONSHIPS,4.2021
155,W,2,4,1,PETROVA Ivana Gerogieva,26.08.2001,BUL,45,44.72,65,67,*69,67,*85,85,*89,85,152,EUROPEAN CHAMPIONSHIPS,4.2021
156,W,3,2,3,GUNES Melisa,16.04.2001,TUR,45,44.66,*63,63,68,68,80,83,*85,83,151,EUROPEAN CHAMPIONSHIPS,4.2021
157,W,4,5,2,PANA Adriana Cosmina,18.12.2001,ROU,45,44.7,64,66,*69,66,80,*84,84,84,150,EUROPEAN CHAMPIONSHIPS,4.2021
158,W,5,3,5,LOMACHYNSKA Anhelina,02.09.1996,UKR,45,44.7,67,*69,*69,67,*82,82,*85,82,149,EUROPEAN CHAMPIONSHIPS,4.2021
159,W,6,6,7,DUMITRESCU Bianca-Daniela,16.06.2000,ROU,45,44.4,*63,64,*68,64,*78,*78,78,78,142,EUROPEAN CHAMPIONSHIPS,4.2021
160,W,7,7,8,ZAGORAC Radmila,24.01.2001,SRB,45,44.8,63,*66,*68,63,*75,75,*78,75,138,EUROPEAN CHAMPIONSHIPS,4.2021
161,W,8,8,9,GRABUCEA Ecaterina,31.07.2001,MDA,45,44.5,52,54,56,56,66,69,72,72,128,EUROPEAN CHAMPIONSHIPS,4.2021
162,W,___,___,6,MAGER Tihana,14.06.1991,CRO,45,44.84,*63,*63,*63,___,78,*81,81,81,___,EUROPEAN CHAMPIONSHIPS,4.2021
163,W,1,1,1,CSENGERI Moniaca-Suneta,21.03.1996,ROU,49,48.78,86,*90,*90,86,97,100,103,103,189,EUROPEAN CHAMPIONSHIPS,4.2021
164,W,2,2,5,SOBOL Kristina Ivanovna,30.11.1991,RUS,49,48.8,83,85,*87,85,*93,93,96,96,181,EUROPEAN CHAMPIONSHIPS,4.2021
165,W,3,4,2,CAMBEL Mihaela-Valentina,18.11.2002,ROU,49,48.24,80,*84,*84,80,96,100,*102,100,180,EUROPEAN CHAMPIONSHIPS,4.2021
166,W,4,3,4,IMPERIO Giulia,07.12.2001,ITA,49,48.24,76,81,*84,81,94,97,*100,97,178,EUROPEAN CHAMPIONSHIPS,4.2021
167,W,5,5,3,ERDOGAN Saziye,23.02.1992,TUR,49,48.82,78,*80,*82,78,97,*99,*101,97,175,EUROPEAN CHAMPIONSHIPS,4.2021
168,W,6,6,6,MICHEL Anais,12.01.1988,FRA,49,48.58,*75,75,77,77,95,*97,*97,95,172,EUROPEAN CHAMPIONSHIPS,4.2021
169,W,7,7,8,JENSEN Sandra Hoegfeldt,05.02.1994,DEN,49,48.7,72,74,76,76,86,89,91,91,167,EUROPEAN CHAMPIONSHIPS,4.2021
170,W,8,10,7,FERNADEZ GARCIA Olga Maria,21.04.1997,ESP,49,48.9,70,73,*75,73,90,94,*96,94,167,EUROPEAN CHAMPIONSHIPS,4.2021
171,W,9,8,9,KARASAKAL Nida,10.08.2002,TUR,49,48.56,74,*77,*77,74,*90,90,*95,90,164,EUROPEAN CHAMPIONSHIPS,4.2021
172,W,10,12,11,THORNTON Tenishia,01.09.2005,MLT,49,48.52,68,*70,70,70,85,87,89,89,159,EUROPEAN CHAMPIONSHIPS,4.2021
173,W,11,9,13,POLAKOWSKA Marlena Ewelina,12.07.1995,POL,49,48.46,72,74,*76,74,84,*86,*86,84,158,EUROPEAN CHAMPIONSHIPS,4.2021
174,W,12,13,10,PIPILIARIDOU Maria,30.09.1986,GRE,49,48.5,*68,68,71,68,*89,89,*91,89,157,EUROPEAN CHAMPIONSHIPS,4.2021
175,W,13,11,12,HINCU Teodora-Luminita,05.04.2003,MDA,49,48.82,68,71,*72,71,*84,84,*87,84,155,EUROPEAN CHAMPIONSHIPS,4.2021
176,W,1,1,1,KONOTOP Kamila,23.05.2001,UKR,55,54.98,90,93,95,95,108,111,113,113,208,EUROPEAN CHAMPIONSHIPS,4.2021
177,W,2,4,2,ERSHOVA Svetlana,14.03.1994,RUS,55,54.96,*85,85,88,88,105,110,112,112,200,EUROPEAN CHAMPIONSHIPS,4.2021
178,W,3,5,4,STERCKX Nina,26.07.2002,BEL,55,54.14,*87,*87,88,88,103,*108,109,109,197,EUROPEAN CHAMPIONSHIPS,4.2021
179,W,4,2,7,YAYLYAN Izabella,04.07.1995,ARM,55,54.74,85,90,*92,90,105,*110,*110,105,195,EUROPEAN CHAMPIONSHIPS,4.2021
180,W,5,3,8,VELI Evagjelia,"16.07,1991",ALB,55,54.26,87,*89,89,89,105,*110,*110,105,194,EUROPEAN CHAMPIONSHIPS,4.2021
181,W,6,12,3,KENTLI Sumeyye,16.11.1995,TUR,55,54.74,80,*83,83,83,107,110,*113,110,193,EUROPEAN CHAMPIONSHIPS,4.2021
182,W,7,8,6,LOCHOWSKA Joanna,17.11.1988,POL,55,54.92,81,*84,84,84,102,106,*108,106,190,EUROPEAN CHAMPIONSHIPS,4.2021
183,W,8,6,11,COTRUTA Andtreea,11.11.2003,ROU,55,53.9,83,*87,87,87,102,*106,*106,102,189,EUROPEAN CHAMPIONSHIPS,4.2021
184,W,9,13,5,IVANOVA Maya Petrova,05.06.1991,BUL,55,54.52,81,*84,*84,81,100,104,106,106,187,EUROPEAN CHAMPIONSHIPS,4.2021
185,W,10,11,,OVSTHUS Sarah Orteza Hoveden,20.03.1994,NOR,55,54.08,*83,83,*85,83,,,,103,186,EUROPEAN CHAMPIONSHIPS,4.2021
186,W,11,9,13,HERNANDEZ MARTIN Atenery,10.12.1994,ESP,55,54.86,80,83,*85,83,98,*101,101,101,184,EUROPEAN CHAMPIONSHIPS,4.2021
187,W,12,14,12,RIGAUD Garance Ariette Ouiza,12.11.1999,FRA,55,54.44,79,*82,*83,79,99,101,*103,101,180,EUROPEAN CHAMPIONSHIPS,4.2021
188,W,13,10,15,SAMULIAK Svitlana,19.07.2003,UKR,55,54.54,80,*83,83,83,92,96,*99,96,179,EUROPEAN CHAMPIONSHIPS,4.2021
189,W,14,15,14,LIUKKONEN Laura Anita,27.01.1991,FIN,55,54.96,72,75,*77,75,93,97,*100,97,172,EUROPEAN CHAMPIONSHIPS,4.2021
190,W,15,16,16,VANDENABEELE Annelien,26.11.2004,BEL,55,54.72,72,*75,75,75,89,92,94,94,169,EUROPEAN CHAMPIONSHIPS,4.2021
191,W,16,17,18,ZALATAROVA Aksana,18.02.1984,ISR,55,54.86,70,*73,*73,70,80,83,*85,83,153,EUROPEAN CHAMPIONSHIPS,4.2021
192,W,17,18,17,BRUNO Chiara Filomena,12.06.1999,SUI,55,54.5,65,*69,*69,65,*80,80,84,84,149,EUROPEAN CHAMPIONSHIPS,4.2021
193,W,___,___,___,JAVOBSEN Rebekka Tao,12.09.1996,NOR,55,54.88,*77,*77,*77,___,___,___,___,___,___,EUROPEAN CHAMPIONSHIPS,4.2021
194,W,___,___,9,BRUHN katrine Nim,29.12.1991,DEN,55,54.1,*78,*78,*79,___,99,103,*105,103,___,EUROPEAN CHAMPIONSHIPS,4.2021
195,W,___,___,19,BRAJSHORI Leonora,19.07.1985,KOS,55,54.84,*65,___,___,___,65,68,*70,68,___,EUROPEAN CHAMPIONSHIPS,4.2021
196,W,___,7,___,LOMBRADO Jennifer,24.06.1991,ITA,55,54.62,85,*88,;___,85,___,___,___,___,___,EUROPEAN CHAMPIONSHIPS,4.2021
197,W,1,1,1,TE Olga,05.03.1996,RUS,59,58.74,95,*98,*98,95,*110,110,115,115,210,EUROPEAN CHAMPIONSHIPS,4.2021
198,W,2,2,2,TCHAKOUNTE Dora Meiriama,23.03.1995,FRA,59,58.66,92,95,*97,95,110,*115,115,115,210,EUROPEAN CHAMPIONSHIPS,4.2021
199,W,3,3,4,KOZLOVA Aleksandra,24.04.1997,RUS,59,58.82,87,91,*93,91,105,111,*115,111,202,EUROPEAN CHAMPIONSHIPS,4.2021
200,W,4,8,3,ANDERSSON Ine Drablos,17.08.1989,NOR,59,58.24,*86,86,88,88,110,113,*116,113,201,EUROPEAN CHAMPIONSHIPS,4.2021
201,W,5,7,5,SMITH Zoe,26.04.1994,GBR,59,58.8,87,*89,89,89,*111,111,*114,111,200,EUROPEAN CHAMPIONSHIPS,4.2021
202,W,6,5,7,RETULANINEN Saara Sylvia Amanda,30.05.1993,FIN,59,58.58,87,90,*92,90,108,*110,*111,108,198,EUROPEAN CHAMPIONSHIPS,4.2021
203,W,7,6,8,HANHUR Mariia,24.08.2000,UKR,59,58.4,89,*93,*93,89,108,*110,*111,108,197,EUROPEAN CHAMPIONSHIPS,4.2021
204,W,8,4,13,MARTINEZ SANTIAGO Irene,14.09.1993,ESP,59,58.68,90,*92,*92,90,100,103,*105,103,193,EUROPEAN CHAMPIONSHIPS,4.2021
205,W,9,11,6,HELGADOTTIR Thuridur Erla,30.07.1991,ISL,59,58.22,80,83,*85,83,100,104,108,108,191,EUROPEAN CHAMPIONSHIPS,4.2021
206,W,10,9,11,BIJLEVELD Sanne,14.09.1993,NED,59,58.46,82,85,*87,85,105,*109,*110,105,190,EUROPEAN CHAMPIONSHIPS,4.2021
207,W,11,10,12,WAALER Sol Anette,14.08.1992,NOR,59,58.64,83,85,*87,85,103,105,*107,105,190,EUROPEAN CHAMPIONSHIPS,4.2021
208,W,12,12,10,SKANDI EL ASAAD Mouna,10.01.1992,ESP,59,59,*79,79,82,82,103,106,*108,106,188,EUROPEAN CHAMPIONSHIPS,4.2021
209,W,13,15,9,SZYMNEK Monika Malgorzata,06.01.2002,POL,59,58.66,*78,78,*81,78,102,106,*110,106,184,EUROPEAN CHAMPIONSHIPS,4.2021
210,W,14,13,14,AARSTEN Amalie Loevind,25.04.1994,DEN,59,58.3,78,*81,*81,78,98,101,*104,101,179,EUROPEAN CHAMPIONSHIPS,4.2021
211,W,15,14,16,LEBBE Nathalie Marie B,22.05.1992,BEL,59,58.76,75,78,*81,78,95,*99,100,100,178,EUROPEAN CHAMPIONSHIPS,4.2021
212,W,16,17,17,ARVA Cintia Andrea,31.12.2002,HUN,59,58.64,68,*71,*71,73,91,94,*96,85,158,EUROPEAN CHAMPIONSHIPS,4.2021
213,W,17,16,18,GORISEK Ivana,04.02.1985,CRO,59,58.64,69,73,*76,73,85,*88,*88,85,158,EUROPEAN CHAMPIONSHIPS,4.2021
214,W,___,___,15,MEISTER Scheila,02.05.1987,SUI,59,57.9,*77,*78,*78,___,95,100,*103,100,___,EUROPEAN CHAMPIONSHIPS,4.2021
215,W,DSQ,DSQ,DSQ,KOSTOVA Boyanka Minkova,10.05.1993,AZE,59,58.74,92,95,*97,___,111,*116,116,___,___,EUROPEAN CHAMPIONSHIPS,4.2021
216,W,1,1,1,TOMA Loredana-Elena,10.05.1995,ROU,64,63.9,101,107,114,114,123,130,*137,130,244,EUROPEAN CHAMPIONSHIPS,4.2021
217,W,2,2,2,DAVIES Sarah,19.08.1992,GBR,64,63.7,96,98,101,101,122,126,129,129,230,EUROPEAN CHAMPIONSHIPS,4.2021
218,W,3,3,3,ANZOROVA Anastasiia,22.04.1996,RUS,64,63.94,94,97,100,100,122,126,129,122,222,EUROPEAN CHAMPIONSHIPS,4.2021
219,W,4,4,4,SCHWEIZER Lisa Maire,18.07.1995,GER,64,63.38,*97,97,100,100,118,*121,*121,118,218,EUROPEAN CHAMPIONSHIPS,4.2021
220,W,5,5,7,LEVENT Nuray,08.05.2000,TUR,64,63.8,94,*97,98,98,*115,115,*120,115,213,EUROPEAN CHAMPIONSHIPS,4.2021
221,W,6,8,5,VIJOHIJOKI Anni Teija Orvokki,24.05.1988,FIN,64,63.74,94,*96,*96,94,115,118,*120,118,212,EUROPEAN CHAMPIONSHIPS,4.2021
222,W,7,9,6,KUSTERER Sabine Beate,04.01.1991,GER,64,63.3,*94,94,*97,94,113,116,*118,116,210,EUROPEAN CHAMPIONSHIPS,4.2021
223,W,8,6,8,KONDRASHOVA Iana,25.08.1992,RUS,64,63.4,93,*96,96,96,113,*118,*118,113,209,EUROPEAN CHAMPIONSHIPS,4.2021
224,W,9,7,10,GHERMAN Daniela Mariana,23.09.1997,SWE,64,63.14,*95,95,*98,95,110,*115,*115,110,205,EUROPEAN CHAMPIONSHIPS,4.2021
225,W,10,11,9,WOLK Wiktoria Krystyna,10.03.2001,POL,64,63.28,85,89,*93,89,105,*110,110,110,199,EUROPEAN CHAMPIONSHIPS,4.2021
226,W,11,10,12,ARDALSBAKKE Marit,11.05.1992,NOR,64,63.66,87,90,93,93,*105,105,*108,105,198,EUROPEAN CHAMPIONSHIPS,4.2021
227,W,12,12,11,ADOLFSSON Jenny Ji,18.05.1982,SWE,64,63.88,82,85,87,87,103,*108,108,108,195,EUROPEAN CHAMPIONSHIPS,4.2021
228,W,13,13,13,POULSEN Amanda Novakowska,19.12.1992,DEN,64,62.24,*83,83,*87,83,*102,102,105,105,188,EUROPEAN CHAMPIONSHIPS,4.2021
229,W,14,14,14,MARTINEZ Garoa,24.09.1997,ESP,64,63.28,78,82,*87,82,100,*105,*105,100,182,EUROPEAN CHAMPIONSHIPS,4.2021
230,W,15,16,15,PUDIVITROVA Eliska,25.03.1994,CZE,64,62.74,76,*79,81,81,96,100,*103,100,181,EUROPEAN CHAMPIONSHIPS,4.2021
231,W,16,15,17,SAARHELO Marianne Ellen Vihelmiina,16.02.1994,FIN,64,63.94,*78,78,81,81,98,*102,*103,98,179,EUROPEAN CHAMPIONSHIPS,4.2021
232,W,17,18,16,SIGURDARDOTTIR Amalia Osk,02.08.1997,ISL,64,62.7,74,*78,79,79,*98,*99,100,100,179,EUROPEAN CHAMPIONSHIPS,4.2021
233,W,18,17,18,PROKIC Aleksandra,26.10.1989,SRB,64,62.28,76,80,*83,80,96,*100,*100,96,170,EUROPEAN CHAMPIONSHIPS,4.2021
234,W,19,19,19,KALO Sarit,13.09.1990,ISR,64,63.54,*75,75,*79,75,95,*99,*99,95,170,EUROPEAN CHAMPIONSHIPS,4.2021
235,W,1,2,1,GODLEY Emily Victoria(ENG),22.10.1989,GBR,71,70.42,94,*97,98,98,122,129,*132,129,227,EUROPEAN CHAMPIONSHIPS,4.2021
236,W,2,3,2,DURANTE Alessia,14.05.1999,ITA ,71,66.54,93,96,97,97,115,120,122,122,219,EUROPEAN CHAMPIONSHIPS,4.2021
237,W,3,1,4,OLARU Raluca-Andreea,26.01.2001,ROU,71,66.5,94,*97,98,98,112,117,120,120,218,EUROPEAN CHAMPIONSHIPS,4.2021
238,W,4,6,5,HERNANDEZ MARTIN Ilia,21.04.1998,ESP,71,70.6,90,*93,93,93,116,*119,119,119,212,EUROPEAN CHAMPIONSHIPS,4.2021
239,W,5,7,6,BRAZAITE Gintare,19.08.1992,LTU,71,70.12,92,*94,*95,92,110,115,118,118,210,EUROPEAN CHAMPIONSHIPS,4.2021
240,W,6,16,3,ALTUN Berfin,01.11.1999,TUR,71,65.38,85,88,*90,88,115,119,121,121,209,EUROPEAN CHAMPIONSHIPS,4.2021
241,W,7,8,9,PRISCEPA Natalia,17.10.1989,MDA,71,70.72,*92,*92,92,92,110,114,*117,114,206,EUROPEAN CHAMPIONSHIPS,4.2021
242,W,8,9,8,SHCHAPANAVA Alina,12.04.2000,HUN,71,70.36,85,89,91,91,107,112,114,114,205,EUROPEAN CHAMPIONSHIPS,4.2021
243,W,9,4,18,MITYKO Veronika,26.07.2000,HUN,71,70.36,*90,90,96,96,103,106,*108,106,202,EUROPEAN CHAMPIONSHIPS,4.2021
244,W,10,12,11,ANGONESE Manon,28.12.1992,BEL,71,69.66,86,89,*91,89,107,110,112,112,201,EUROPEAN CHAMPIONSHIPS,4.2021
245,W,11,15,10,KACZMARZYK Andzelika,05.05.2002,POL,71,70.96,*85,85,88,88,110,113,*116,113,201,EUROPEAN CHAMPIONSHIPS,4.2021
246,W,12,18,7,KOURTELIDOU Eleni,14.04.1985,GRE,71,70.52,86,*90,*90,86,109,112,115,115,201,EUROPEAN CHAMPIONSHIPS,4.2021
247,W,13,11,13,DZMIDAVETS Liubou,07.03.2001,BLR,71,70.56,85,89,*91,89,105,108,111,111,200,EUROPEAN CHAMPIONSHIPS,4.2021
248,W,14,10,15,HORNA IVANA,31.08.1990,SVK,71,70.88,86,89,91,91,*107,108,*112,108,199,EUROPEAN CHAMPIONSHIPS,4.2021
249,W,15,20,12,TOLSTRUP Laura Vest,12.09.1997,DEN,71,70.2,82,85,*88,85,105,108,111,111,196,EUROPEAN CHAMPIONSHIPS,4.2021
250,W,16,17,14,FOMINA Anna,31.03.1998,SWE,71,67.82,86,87,*95,87,109,*115,*116,109,196,EUROPEAN CHAMPIONSHIPS,4.2021
251,W,17,13,16,GUDE Line,19.02.1998,DEN,71,69.7,82,85,88,88,102,*106,107,107,195,EUROPEAN CHAMPIONSHIPS,4.2021
252,W,18,19,19,HAHN Victoria,17.03.1993,AUT,71,70.78,86,*89,*90,86,*105,105,*109,105,191,EUROPEAN CHAMPIONSHIPS,4.2021
253,W,19,21,17,RONDZIKOVA Nina,22.01.1995,SVK,71,68.66,*85,85,*89,85,103,106,*109,106,191,EUROPEAN CHAMPIONSHIPS,4.2021
254,W,20,14,22,ZAMMIT STEVENS Yasmin,21.04.1993,MLT,71,69.74,83,86,88,88,*102,102,*104,102,190,EUROPEAN CHAMPIONSHIPS,4.2021
255,W,21,23,20,ROSINSKA Yevheniia,30.03.2003,UKR,71,70.36,83,*86,*86,83,104,*107,*109,104,187,EUROPEAN CHAMPIONSHIPS,4.2021
256,W,22,24,21,HERTLOVA Simona,04.03.1993,CZE,71,69.54,82,*86,*86,82,100,104,*107,104,186,EUROPEAN CHAMPIONSHIPS,4.2021
257,W,23,22,24,OHMAN Marina,02.01.1983,ISR,71,70.94,81,84,*87,84,95,100,*102,100,184,EUROPEAN CHAMPIONSHIPS,4.2021
258,W,24,25,23,BJELIC Sonja,17.07.1999,SRB,71,69.78,80,*85,*86,80,100,*105,*105,100,180,EUROPEAN CHAMPIONSHIPS,4.2021
259,W,___,5,___,KIREVA Maria-Magdalena Kirilova,09.03.2001,BUL,71,70.7,92,95,*97,95,*108,*108,___,___,___,EUROPEAN CHAMPIONSHIPS,4.2021
260,W,1,1,1,DEKHA Iryna,14.03.1996,UKR,76,75.94,110,113,*115,113,130,*135,135,135,248,EUROPEAN CHAMPIONSHIPS,4.2021
261,W,2,2,2,SOTIEVA Iana,26.06.2002,RUS,76,75.78,105,110,112,112,130,134,*137,134,246,EUROPEAN CHAMPIONSHIPS,4.2021
262,W,3,3,4,ROMANOVA Anastasiia,02.10.1991,RUS,76,72.06,106,111,*114,111,125,130,132,132,243,EUROPEAN CHAMPIONSHIPS,4.2021
263,W,4,4,3,NAUMAVA Darya,26.08.1995,BLR,76,75.44,100,106,108,108,127,132,*136,132,240,EUROPEAN CHAMPIONSHIPS,4.2021
264,W,5,5,5,STRENIUS Patricia Caroline,23.11.1989,SWE,76,74.68,100,104,*107,104,130,*135,*135,130,234,EUROPEAN CHAMPIONSHIPS,4.2021
265,W,6,8,6,LITOSHYK Ryna,29.06.2004,BLR,76,75.46,90,*95,95,95,110,117,121,121,216,EUROPEAN CHAMPIONSHIPS,4.2021
266,W,7,6,8,WIOR Jolanta Malgorzata,22.09.1995,POL,76,73.98,94,97,99,99,116,*121,*122,116,215,EUROPEAN CHAMPIONSHIPS,4.2021
267,W,8,7,7,RIEGER Patricia,25.08.1987,GER,76,75.74,95,*100,*100,95,116,120,*123,120,215,EUROPEAN CHAMPIONSHIPS,4.2021
268,W,9,10,9,HORVATH Laura,21.03.1997,HUN,76,75.34,86,89,*91,89,108,*111,111,111,200,EUROPEAN CHAMPIONSHIPS,4.2021
269,W,10,9,10,ANDREASEN Clara,01.09.1997,DEN,76,75.76,87,90,*93,90,103,105,*107,105,195,EUROPEAN CHAMPIONSHIPS,4.2021
270,W,11,11,11,PEDERSEN Mette Fasmila,03.12.1993,DEN,76,73.82,80,83,*86,83,98,101,*103,101,184,EUROPEAN CHAMPIONSHIPS,4.2021
271,W,1,1,3,MARUSHCHAK Alina,96.03.1997,UKR,81,77.62,103,106,109,109,122,127,*131,127,236,EUROPEAN CHAMPIONSHIPS,4.2021
272,W,2,4,1,NAYO KETCHANKE Gaelle Verlaine,20.04.1988,FRA,81,80.3,96,*100,100,100,126,*131,131,131,231,EUROPEAN CHAMPIONSHIPS,4.2021
273,W,3,6,2,GYURJYAN Liana,13.06.2002,ARM,81,80.26,94,98,*100,98,121,125,129,129,227,EUROPEAN CHAMPIONSHIPS,4.2021
274,W,4,3,6,KAYA Rabia,05.12.1994,TUR,81,77.9,*96,96,100,100,115,*120,120,120,220,EUROPEAN CHAMPIONSHIPS,4.2021
275,W,5,2,7,SCHROTH Nina,16.08.1991,GER,81,80.52,97,100,*102,100,115,118,*121,118,218,EUROPEAN CHAMPIONSHIPS,4.2021
276,W,6,7,4,UCAN Dilara,15.04.2002,TUR,81,76.34,95,97,*99,97,116,121,*124,121,216,EUROPEAN CHAMPIONSHIPS,4.2021
277,W,7,8,5,ZIELINSKA Weronika,16.05.1997,POL,81,79.16,95,*99,*99,95,*118,*118,121,121,216,EUROPEAN CHAMPIONSHIPS,4.2021
278,W,8,5,8,SAZANAVETS Dzina,25.10.1990,BLR,81,78.5,95,99,*101,99,116,*121,*121,116,215,EUROPEAN CHAMPIONSHIPS,4.2021
279,W,9,9,9,RUBANOVICH Nikol Bella,09.05.1998,ISR,81,78.9,*95,95,*100,95,110,115,*119,115,210,EUROPEAN CHAMPIONSHIPS,4.2021
280,W,10,10,10,SENICOVA Nikola,27.05.2000,SVK,81,80.14,86,90,93,93,*108,109,114,114,207,EUROPEAN CHAMPIONSHIPS,4.2021
281,W,11,11,14,SZUROMI Timea Reka,30.10.1983,HUN,81,80.64,*92,92,*96,92,110,*116,*116,110,202,EUROPEAN CHAMPIONSHIPS,4.2021
282,W,12,12,13,GADELIA Natia,07.06.2004,GEO,81,78.9,85,89,91,91,105,111,*115,111,202,EUROPEAN CHAMPIONSHIPS,4.2021
283,W,13,13,11,MINKOVA Dziyana,07.03.2001,BLR,81,79.58,85,*89,89,89,112,*117,*117,112,201,EUROPEAN CHAMPIONSHIPS,4.2021
284,W,14,14,12,SKLENICKOVA Michaela,07.05.1992,CZE,81,78.14,*82,82,86,86,108,112,*115,112,198,EUROPEAN CHAMPIONSHIPS,4.2021
285,W,1,2,2,AKHMEROVA Darya,14.04.1999,KAZ,87,85.02,103,106,108,108,132,136,138,138,246,EUROPEAN CHAMPIONSHIPS,4.2021
286,W,2,3,1,CLICIC Elena,03.06.1996,MDA,87,84.96,103,107,*110,107,129,134,138,138,245,EUROPEAN CHAMPIONSHIPS,4.2021
287,W,3,4,4,RIAZANOVA Daria,24.08.2000,RUS,87,85.88,100,*105,105,105,128,133,135,135,240,EUROPEAN CHAMPIONSHIPS,4.2021
288,W,4,1,5,HOTFRID Anastasiia,25.04.1996,GEO,87,86.54,108,111,*113,111,128,*132,*132,128,239,EUROPEAN CHAMPIONSHIPS,4.2021
289,W,5,8,3,KOANDA Solfrid,13.11.1998,NOR,87,86.36,95,100,*104,100,125,130,135,135,235,EUROPEAN CHAMPIONSHIPS,4.2021
290,W,6,6,6,KACZMARCYZK Kinga,10.07.1997,POL,87,86.92,100,103,*105,103,127,*132,*132,127,230,EUROPEAN CHAMPIONSHIPS,4.2021
291,W,7,9,7,FISCHER Sarah,09.11.2000,AUT,87,86.42,95,99,*102,99,118,*123,123,123,222,EUROPEAN CHAMPIONSHIPS,4.2021
292,W,8,5,11,KISIL Valentyna,05.07.1998,UKR,87,86.62,100,104,*108,104,117,*122,*122,117,221,EUROPEAN CHAMPIONSHIPS,4.2021
293,W,9,7,9,HAKOBYAN Tatev,21.03.1996,ARM,87,86.7,101,*106,*106,101,120,*126,*129,120,221,EUROPEAN CHAMPIONSHIPS,4.2021
294,W,10,12,8,ILMARINEN Meri Tuuli Linnea,04.01.1991,FIN,87,81.2,90,92,94,97,117,120,121,121,215,EUROPEAN CHAMPIONSHIPS,4.2021
295,W,11,10,10,VENNEKILDE Marie Louise,03.01.1986,DEN,87,86.52,95,*99,*101,95,116,119,*121,119,214,EUROPEAN CHAMPIONSHIPS,4.2021
296,W,12,11,12,JUNHOV-RINDBERG Paula Maria,02.03.1988,SWE,87,85.52,92,*95,95,95,108,113,*115,113,208,EUROPEAN CHAMPIONSHIPS,4.2021
297,W,13,13,13,ZAKHARCHUK Ina,02.09.2000,BLR,87,85.48,*87,87,___,87,106,109,111,111,198,EUROPEAN CHAMPIONSHIPS,4.2021
298,W,14,14,14,BOROS Viktoria,22.07.2001,HUN,87,83.5,*85,85,*90,85,107,*111,*111,107,192,EUROPEAN CHAMPIONSHIPS,4.2021
299,W,1,1,1,CAMPBELL Emily Jade,06.05.1994,GBR,87+,122.06,115,117,122,122,145,150,154,154,276,EUROPEAN CHAMPIONSHIPS,4.2021
300,W,2,2,2,LYSENK Anastasiia,02.12.1995,UKR,87+,100.88,106,109,116,116,131,136,___,136,252,EUROPEAN CHAMPIONSHIPS,4.2021
301,W,3,3,3,GUNAL Melike,05.04.1998,TUR,87+,114.18,105,*108,108,108,130,*135,135,135,243,EUROPEAN CHAMPIONSHIPS,4.2021
302,W,4,6,4,DALALYAN Arpine,18.02.1999,ARM,87+,110.44,*95,*95,95,95,126,___,___,126,221,EUROPEAN CHAMPIONSHIPS,4.2021
303,W,5,5,5,BOYNUEGRI Tugce,12.10.1998,TUR,87+,87.86,90,95,100,100,110,116,120,120,220,EUROPEAN CHAMPIONSHIPS,4.2021
304,W,6,4,6,HRASNOVA Martina,21.03.1983,SVK,87+,90.56,*99,99,103,103,112,116,*120,116,219,EUROPEAN CHAMPIONSHIPS,4.2021
305,W,7,7,9,VANBELLINGHEN Anna Marie-J A M,10.03.1994,BEL,87+,87.2,*90,90,94,94,107,111,114,114,208,EUROPEAN CHAMPIONSHIPS,4.2021
306,W,8,9,7,BORODINA Krystyna,19.08.1999,UKR,87+,88.84,*85,85,88,88,110,113,116,116,204,EUROPEAN CHAMPIONSHIPS,4.2021
307,W,9,8,8,ANDREIKAVETS Katsiaryna,21.09.2001,BLR,87+,92.78,85,89,*91,89,107,111,114,114,203,EUROPEAN CHAMPIONSHIPS,4.2021
308,W,10,10,10,BAZSO Bianka,24.01.1988,HUN,87+,88.12,83,*87,*87,83,109,113,*115,113,196,EUROPEAN CHAMPIONSHIPS,4.2021
309,W,11,12,11,KRALOVA Tereza,22.10.1989,CZE,87+,97.68,80,*83,*84,80,100,105,107,107,187,EUROPEAN CHAMPIONSHIPS,4.2021
310,W,12,11,12,GYURUS Barbara,12.08.1998,HUN,87+,122.58,79,*83,83,83,99,103,*107,103,186,EUROPEAN CHAMPIONSHIPS,4.2021
